<?xml version="1.0"?>
<link_info>
   <banner>TI ARM Linker PC v15.12.1.LTS</banner>
   <copyright>Copyright (c) 1996-2015 Texas Instruments Incorporated</copyright>
   <link_time>0x5803ec9c</link_time>
   <link_errors>0x0</link_errors>
   <output_file>ServoPrueba.out</output_file>
   <entry_point>
      <name>_c_int00</name>
      <address>0x825</address>
   </entry_point>
   <input_file_list>
      <input_file id="fl-2">
         <path>.\</path>
         <kind>object</kind>
         <file>Servo.obj</file>
         <name>Servo.obj</name>
      </input_file>
      <input_file id="fl-3">
         <path>.\</path>
         <kind>object</kind>
         <file>startup_msp432p401r_ccs.obj</file>
         <name>startup_msp432p401r_ccs.obj</name>
      </input_file>
      <input_file id="fl-4">
         <path>.\</path>
         <kind>object</kind>
         <file>system_msp432p401r.obj</file>
         <name>system_msp432p401r.obj</name>
      </input_file>
      <input_file id="fl-be">
         <path>C:\ti\ccsv6\tools\compiler\ti-cgt-arm_15.12.1.LTS\lib\</path>
         <kind>archive</kind>
         <file>rtsv7M4_T_le_v4SPD16_eabi.lib</file>
         <name>boot.obj</name>
      </input_file>
      <input_file id="fl-bf">
         <path>C:\ti\ccsv6\tools\compiler\ti-cgt-arm_15.12.1.LTS\lib\</path>
         <kind>archive</kind>
         <file>rtsv7M4_T_le_v4SPD16_eabi.lib</file>
         <name>copy_decompress_none.obj</name>
      </input_file>
      <input_file id="fl-c0">
         <path>C:\ti\ccsv6\tools\compiler\ti-cgt-arm_15.12.1.LTS\lib\</path>
         <kind>archive</kind>
         <file>rtsv7M4_T_le_v4SPD16_eabi.lib</file>
         <name>copy_decompress_rle.obj</name>
      </input_file>
      <input_file id="fl-c1">
         <path>C:\ti\ccsv6\tools\compiler\ti-cgt-arm_15.12.1.LTS\lib\</path>
         <kind>archive</kind>
         <file>rtsv7M4_T_le_v4SPD16_eabi.lib</file>
         <name>copy_zero_init.obj</name>
      </input_file>
      <input_file id="fl-c2">
         <path>C:\ti\ccsv6\tools\compiler\ti-cgt-arm_15.12.1.LTS\lib\</path>
         <kind>archive</kind>
         <file>rtsv7M4_T_le_v4SPD16_eabi.lib</file>
         <name>exit.obj</name>
      </input_file>
      <input_file id="fl-c3">
         <path>C:\ti\ccsv6\tools\compiler\ti-cgt-arm_15.12.1.LTS\lib\</path>
         <kind>archive</kind>
         <file>rtsv7M4_T_le_v4SPD16_eabi.lib</file>
         <name>memcpy_t2.obj</name>
      </input_file>
      <input_file id="fl-c4">
         <path>C:\ti\ccsv6\tools\compiler\ti-cgt-arm_15.12.1.LTS\lib\</path>
         <kind>archive</kind>
         <file>rtsv7M4_T_le_v4SPD16_eabi.lib</file>
         <name>memset_t2.obj</name>
      </input_file>
      <input_file id="fl-c5">
         <path>C:\ti\ccsv6\tools\compiler\ti-cgt-arm_15.12.1.LTS\lib\</path>
         <kind>archive</kind>
         <file>rtsv7M4_T_le_v4SPD16_eabi.lib</file>
         <name>mpu_init.obj</name>
      </input_file>
      <input_file id="fl-c6">
         <path>C:\ti\ccsv6\tools\compiler\ti-cgt-arm_15.12.1.LTS\lib\</path>
         <kind>archive</kind>
         <file>rtsv7M4_T_le_v4SPD16_eabi.lib</file>
         <name>pre_init.obj</name>
      </input_file>
      <input_file id="fl-c7">
         <path>C:\ti\ccsv6\tools\compiler\ti-cgt-arm_15.12.1.LTS\lib\</path>
         <kind>archive</kind>
         <file>rtsv7M4_T_le_v4SPD16_eabi.lib</file>
         <name>stkdepth_vars.obj</name>
      </input_file>
      <input_file id="fl-c8">
         <path>C:\ti\ccsv6\tools\compiler\ti-cgt-arm_15.12.1.LTS\lib\</path>
         <kind>archive</kind>
         <file>rtsv7M4_T_le_v4SPD16_eabi.lib</file>
         <name>_lock.obj</name>
      </input_file>
      <input_file id="fl-c9">
         <path>C:\ti\ccsv6\tools\compiler\ti-cgt-arm_15.12.1.LTS\lib\</path>
         <kind>archive</kind>
         <file>rtsv7M4_T_le_v4SPD16_eabi.lib</file>
         <name>args_main.obj</name>
      </input_file>
      <input_file id="fl-ca">
         <path>C:\ti\ccsv6\tools\compiler\ti-cgt-arm_15.12.1.LTS\lib\</path>
         <kind>archive</kind>
         <file>rtsv7M4_T_le_v4SPD16_eabi.lib</file>
         <name>autoinit.obj</name>
      </input_file>
      <input_file id="fl-cb">
         <path>C:\ti\ccsv6\tools\compiler\ti-cgt-arm_15.12.1.LTS\lib\</path>
         <kind>archive</kind>
         <file>rtsv7M4_T_le_v4SPD16_eabi.lib</file>
         <name>cpy_tbl.obj</name>
      </input_file>
      <input_file id="fl-cc">
         <path>C:\ti\ccsv6\tools\compiler\ti-cgt-arm_15.12.1.LTS\lib\</path>
         <kind>archive</kind>
         <file>rtsv7M4_T_le_v4SPD16_eabi.lib</file>
         <name>startup.obj</name>
      </input_file>
   </input_file_list>
   <object_component_list>
      <object_component id="oc-2a">
         <name>.intvecs:retain</name>
         <load_address>0x0</load_address>
         <run_address>0x0</run_address>
         <size>0x140</size>
         <input_file_ref idref="fl-3"/>
      </object_component>
      <object_component id="oc-b9">
         <name>.text</name>
         <load_address>0x140</load_address>
         <run_address>0x140</run_address>
         <size>0x328</size>
         <input_file_ref idref="fl-4"/>
      </object_component>
      <object_component id="oc-7b">
         <name>.text</name>
         <load_address>0x468</load_address>
         <run_address>0x468</run_address>
         <size>0x1c8</size>
         <input_file_ref idref="fl-2"/>
      </object_component>
      <object_component id="oc-2e">
         <name>.text</name>
         <load_address>0x630</load_address>
         <run_address>0x630</run_address>
         <size>0x9c</size>
         <input_file_ref idref="fl-c3"/>
      </object_component>
      <object_component id="oc-47">
         <name>.text</name>
         <load_address>0x6cc</load_address>
         <run_address>0x6cc</run_address>
         <size>0x7a</size>
         <input_file_ref idref="fl-c4"/>
      </object_component>
      <object_component id="oc-53">
         <name>.text</name>
         <load_address>0x746</load_address>
         <run_address>0x746</run_address>
         <size>0x2</size>
         <input_file_ref idref="fl-c5"/>
      </object_component>
      <object_component id="oc-5f">
         <name>.text</name>
         <load_address>0x748</load_address>
         <run_address>0x748</run_address>
         <size>0x70</size>
         <input_file_ref idref="fl-ca"/>
      </object_component>
      <object_component id="oc-3a">
         <name>.text</name>
         <load_address>0x7b8</load_address>
         <run_address>0x7b8</run_address>
         <size>0x6a</size>
         <input_file_ref idref="fl-c0"/>
      </object_component>
      <object_component id="oc-a4">
         <name>.text</name>
         <load_address>0x822</load_address>
         <run_address>0x822</run_address>
         <size>0x2</size>
         <input_file_ref idref="fl-cc"/>
      </object_component>
      <object_component id="oc-24">
         <name>.text</name>
         <load_address>0x824</load_address>
         <run_address>0x824</run_address>
         <size>0x54</size>
         <input_file_ref idref="fl-be"/>
      </object_component>
      <object_component id="oc-6b">
         <name>.text</name>
         <load_address>0x878</load_address>
         <run_address>0x878</run_address>
         <size>0x54</size>
         <input_file_ref idref="fl-c2"/>
      </object_component>
      <object_component id="oc-9e">
         <name>.text</name>
         <load_address>0x8cc</load_address>
         <run_address>0x8cc</run_address>
         <size>0x4c</size>
         <input_file_ref idref="fl-cb"/>
      </object_component>
      <object_component id="oc-65">
         <name>.text</name>
         <load_address>0x918</load_address>
         <run_address>0x918</run_address>
         <size>0x18</size>
         <input_file_ref idref="fl-c9"/>
      </object_component>
      <object_component id="oc-e6">
         <name>.text</name>
         <load_address>0x930</load_address>
         <run_address>0x930</run_address>
         <size>0x14</size>
         <input_file_ref idref="fl-c8"/>
      </object_component>
      <object_component id="oc-75">
         <name>.text</name>
         <load_address>0x944</load_address>
         <run_address>0x944</run_address>
         <size>0x12</size>
         <input_file_ref idref="fl-3"/>
      </object_component>
      <object_component id="oc-12">
         <name>.text:decompress:none</name>
         <load_address>0x956</load_address>
         <run_address>0x956</run_address>
         <size>0xe</size>
         <input_file_ref idref="fl-bf"/>
      </object_component>
      <object_component id="oc-18">
         <name>.text:decompress:rle24</name>
         <load_address>0x964</load_address>
         <run_address>0x964</run_address>
         <size>0x6</size>
         <input_file_ref idref="fl-c0"/>
      </object_component>
      <object_component id="oc-59">
         <name>.text</name>
         <load_address>0x96a</load_address>
         <run_address>0x96a</run_address>
         <size>0x4</size>
         <input_file_ref idref="fl-c6"/>
      </object_component>
      <object_component id="oc-12e">
         <name>.cinit..data.load</name>
         <load_address>0x970</load_address>
         <run_address>0x970</run_address>
         <size>0x1a</size>
      </object_component>
      <object_component id="oc-12c">
         <name>__TI_handler_table</name>
         <load_address>0x98c</load_address>
         <run_address>0x98c</run_address>
         <size>0x8</size>
      </object_component>
      <object_component id="oc-12d">
         <name>__TI_cinit_table</name>
         <load_address>0x994</load_address>
         <run_address>0x994</run_address>
         <size>0x8</size>
      </object_component>
      <object_component id="oc-10b">
         <name>.binit</name>
         <load_address>0x0</load_address>
         <run_address>0x0</run_address>
         <size>0x0</size>
      </object_component>
      <object_component id="oc-f2">
         <name>.data</name>
         <load_address>0x20000018</load_address>
         <run_address>0x20000018</run_address>
         <size>0x4</size>
         <input_file_ref idref="fl-4"/>
      </object_component>
      <object_component id="oc-ae">
         <name>.data:$O1$$</name>
         <load_address>0x20000000</load_address>
         <run_address>0x20000000</run_address>
         <size>0xc</size>
         <input_file_ref idref="fl-c2"/>
      </object_component>
      <object_component id="oc-71">
         <name>.data</name>
         <load_address>0x20000014</load_address>
         <run_address>0x20000014</run_address>
         <size>0x4</size>
         <input_file_ref idref="fl-c7"/>
      </object_component>
      <object_component id="oc-b1">
         <name>.data:$O1$$</name>
         <load_address>0x2000000c</load_address>
         <run_address>0x2000000c</run_address>
         <size>0x8</size>
         <input_file_ref idref="fl-c8"/>
      </object_component>
      <object_component id="oc-2d">
         <name>.stack</name>
         <uninitialized>true</uninitialized>
         <run_address>0x2000fe00</run_address>
         <size>0x0</size>
         <input_file_ref idref="fl-be"/>
      </object_component>
      <object_component id="oc-12f">
         <name>.stack</name>
         <uninitialized>true</uninitialized>
         <run_address>0x2000fe00</run_address>
         <size>0x0</size>
      </object_component>
      <object_component id="oc-c1">
         <name>.debug_info</name>
         <load_address>0x0</load_address>
         <run_address>0x0</run_address>
         <size>0x36b</size>
         <input_file_ref idref="fl-2"/>
      </object_component>
      <object_component id="oc-7c">
         <name>.debug_info</name>
         <load_address>0x36b</load_address>
         <run_address>0x36b</run_address>
         <size>0x519</size>
         <input_file_ref idref="fl-2"/>
      </object_component>
      <object_component id="oc-f8">
         <name>.debug_info</name>
         <load_address>0x884</load_address>
         <run_address>0x884</run_address>
         <size>0x103e</size>
         <input_file_ref idref="fl-2"/>
      </object_component>
      <object_component id="oc-c2">
         <name>.debug_info</name>
         <load_address>0x18c2</load_address>
         <run_address>0x18c2</run_address>
         <size>0x36f2</size>
         <input_file_ref idref="fl-2"/>
      </object_component>
      <object_component id="oc-8c">
         <name>.debug_info</name>
         <load_address>0x4fb4</load_address>
         <run_address>0x4fb4</run_address>
         <size>0x84</size>
         <input_file_ref idref="fl-2"/>
      </object_component>
      <object_component id="oc-c7">
         <name>.debug_info</name>
         <load_address>0x5038</load_address>
         <run_address>0x5038</run_address>
         <size>0x18b</size>
         <input_file_ref idref="fl-2"/>
      </object_component>
      <object_component id="oc-83">
         <name>.debug_info</name>
         <load_address>0x51c3</load_address>
         <run_address>0x51c3</run_address>
         <size>0x133</size>
         <input_file_ref idref="fl-3"/>
      </object_component>
      <object_component id="oc-2b">
         <name>.debug_info</name>
         <load_address>0x52f6</load_address>
         <run_address>0x52f6</run_address>
         <size>0xe2</size>
         <input_file_ref idref="fl-3"/>
      </object_component>
      <object_component id="oc-78">
         <name>.debug_info</name>
         <load_address>0x53d8</load_address>
         <run_address>0x53d8</run_address>
         <size>0x249</size>
         <input_file_ref idref="fl-3"/>
      </object_component>
      <object_component id="oc-f3">
         <name>.debug_info</name>
         <load_address>0x5621</load_address>
         <run_address>0x5621</run_address>
         <size>0xdb</size>
         <input_file_ref idref="fl-4"/>
      </object_component>
      <object_component id="oc-bb">
         <name>.debug_info</name>
         <load_address>0x56fc</load_address>
         <run_address>0x56fc</run_address>
         <size>0x24d</size>
         <input_file_ref idref="fl-4"/>
      </object_component>
      <object_component id="oc-25">
         <name>.debug_info</name>
         <load_address>0x5949</load_address>
         <run_address>0x5949</run_address>
         <size>0x17c</size>
         <input_file_ref idref="fl-be"/>
      </object_component>
      <object_component id="oc-39">
         <name>.debug_info</name>
         <load_address>0x5ac5</load_address>
         <run_address>0x5ac5</run_address>
         <size>0x15c</size>
         <input_file_ref idref="fl-bf"/>
      </object_component>
      <object_component id="oc-14">
         <name>.debug_info</name>
         <load_address>0x5c21</load_address>
         <run_address>0x5c21</run_address>
         <size>0x1fb</size>
         <input_file_ref idref="fl-bf"/>
      </object_component>
      <object_component id="oc-34">
         <name>.debug_info</name>
         <load_address>0x5e1c</load_address>
         <run_address>0x5e1c</run_address>
         <size>0x46</size>
         <input_file_ref idref="fl-bf"/>
      </object_component>
      <object_component id="oc-85">
         <name>.debug_info</name>
         <load_address>0x5e62</load_address>
         <run_address>0x5e62</run_address>
         <size>0x2c</size>
         <input_file_ref idref="fl-bf"/>
      </object_component>
      <object_component id="oc-41">
         <name>.debug_info</name>
         <load_address>0x5e8e</load_address>
         <run_address>0x5e8e</run_address>
         <size>0x150</size>
         <input_file_ref idref="fl-c0"/>
      </object_component>
      <object_component id="oc-3c">
         <name>.debug_info</name>
         <load_address>0x5fde</load_address>
         <run_address>0x5fde</run_address>
         <size>0x263</size>
         <input_file_ref idref="fl-c0"/>
      </object_component>
      <object_component id="oc-1b">
         <name>.debug_info</name>
         <load_address>0x6241</load_address>
         <run_address>0x6241</run_address>
         <size>0x1cd</size>
         <input_file_ref idref="fl-c0"/>
      </object_component>
      <object_component id="oc-42">
         <name>.debug_info</name>
         <load_address>0x640e</load_address>
         <run_address>0x640e</run_address>
         <size>0x39</size>
         <input_file_ref idref="fl-c0"/>
      </object_component>
      <object_component id="oc-94">
         <name>.debug_info</name>
         <load_address>0x6447</load_address>
         <run_address>0x6447</run_address>
         <size>0x2c</size>
         <input_file_ref idref="fl-c0"/>
      </object_component>
      <object_component id="oc-b5">
         <name>.debug_info</name>
         <load_address>0x6473</load_address>
         <run_address>0x6473</run_address>
         <size>0x250</size>
         <input_file_ref idref="fl-c2"/>
      </object_component>
      <object_component id="oc-af">
         <name>.debug_info</name>
         <load_address>0x66c3</load_address>
         <run_address>0x66c3</run_address>
         <size>0x1a1</size>
         <input_file_ref idref="fl-c2"/>
      </object_component>
      <object_component id="oc-6c">
         <name>.debug_info</name>
         <load_address>0x6864</load_address>
         <run_address>0x6864</run_address>
         <size>0x230</size>
         <input_file_ref idref="fl-c2"/>
      </object_component>
      <object_component id="oc-2f">
         <name>.debug_info</name>
         <load_address>0x6a94</load_address>
         <run_address>0x6a94</run_address>
         <size>0x12d</size>
         <input_file_ref idref="fl-c3"/>
      </object_component>
      <object_component id="oc-49">
         <name>.debug_info</name>
         <load_address>0x6bc1</load_address>
         <run_address>0x6bc1</run_address>
         <size>0x15b</size>
         <input_file_ref idref="fl-c4"/>
      </object_component>
      <object_component id="oc-57">
         <name>.debug_info</name>
         <load_address>0x6d1c</load_address>
         <run_address>0x6d1c</run_address>
         <size>0x154</size>
         <input_file_ref idref="fl-c5"/>
      </object_component>
      <object_component id="oc-5a">
         <name>.debug_info</name>
         <load_address>0x6e70</load_address>
         <run_address>0x6e70</run_address>
         <size>0x164</size>
         <input_file_ref idref="fl-c6"/>
      </object_component>
      <object_component id="oc-72">
         <name>.debug_info</name>
         <load_address>0x6fd4</load_address>
         <run_address>0x6fd4</run_address>
         <size>0x125</size>
         <input_file_ref idref="fl-c7"/>
      </object_component>
      <object_component id="oc-ee">
         <name>.debug_info</name>
         <load_address>0x70f9</load_address>
         <run_address>0x70f9</run_address>
         <size>0x140</size>
         <input_file_ref idref="fl-c8"/>
      </object_component>
      <object_component id="oc-b2">
         <name>.debug_info</name>
         <load_address>0x7239</load_address>
         <run_address>0x7239</run_address>
         <size>0x12f</size>
         <input_file_ref idref="fl-c8"/>
      </object_component>
      <object_component id="oc-e9">
         <name>.debug_info</name>
         <load_address>0x7368</load_address>
         <run_address>0x7368</run_address>
         <size>0x23b</size>
         <input_file_ref idref="fl-c8"/>
      </object_component>
      <object_component id="oc-ad">
         <name>.debug_info</name>
         <load_address>0x75a3</load_address>
         <run_address>0x75a3</run_address>
         <size>0x182</size>
         <input_file_ref idref="fl-c9"/>
      </object_component>
      <object_component id="oc-66">
         <name>.debug_info</name>
         <load_address>0x7725</load_address>
         <run_address>0x7725</run_address>
         <size>0x183</size>
         <input_file_ref idref="fl-c9"/>
      </object_component>
      <object_component id="oc-df">
         <name>.debug_info</name>
         <load_address>0x78a8</load_address>
         <run_address>0x78a8</run_address>
         <size>0x5e</size>
         <input_file_ref idref="fl-c9"/>
      </object_component>
      <object_component id="oc-ab">
         <name>.debug_info</name>
         <load_address>0x7906</load_address>
         <run_address>0x7906</run_address>
         <size>0x305</size>
         <input_file_ref idref="fl-ca"/>
      </object_component>
      <object_component id="oc-61">
         <name>.debug_info</name>
         <load_address>0x7c0b</load_address>
         <run_address>0x7c0b</run_address>
         <size>0x1ac</size>
         <input_file_ref idref="fl-ca"/>
      </object_component>
      <object_component id="oc-d3">
         <name>.debug_info</name>
         <load_address>0x7db7</load_address>
         <run_address>0x7db7</run_address>
         <size>0x39</size>
         <input_file_ref idref="fl-ca"/>
      </object_component>
      <object_component id="oc-d8">
         <name>.debug_info</name>
         <load_address>0x7df0</load_address>
         <run_address>0x7df0</run_address>
         <size>0xcd</size>
         <input_file_ref idref="fl-ca"/>
      </object_component>
      <object_component id="oc-cf">
         <name>.debug_info</name>
         <load_address>0x7ebd</load_address>
         <run_address>0x7ebd</run_address>
         <size>0x1fc</size>
         <input_file_ref idref="fl-cb"/>
      </object_component>
      <object_component id="oc-a0">
         <name>.debug_info</name>
         <load_address>0x80b9</load_address>
         <run_address>0x80b9</run_address>
         <size>0x19f</size>
         <input_file_ref idref="fl-cb"/>
      </object_component>
      <object_component id="oc-ff">
         <name>.debug_info</name>
         <load_address>0x8258</load_address>
         <run_address>0x8258</run_address>
         <size>0x2c</size>
         <input_file_ref idref="fl-cb"/>
      </object_component>
      <object_component id="oc-a5">
         <name>.debug_info</name>
         <load_address>0x8284</load_address>
         <run_address>0x8284</run_address>
         <size>0x161</size>
         <input_file_ref idref="fl-cc"/>
      </object_component>
      <object_component id="oc-130">
         <name>.debug_info</name>
         <load_address>0x83e5</load_address>
         <run_address>0x83e5</run_address>
         <size>0x91</size>
      </object_component>
      <object_component id="oc-f7">
         <name>.debug_line</name>
         <load_address>0x0</load_address>
         <run_address>0x0</run_address>
         <size>0x20</size>
         <input_file_ref idref="fl-2"/>
      </object_component>
      <object_component id="oc-7f">
         <name>.debug_line</name>
         <load_address>0x20</load_address>
         <run_address>0x20</run_address>
         <size>0x1a5</size>
         <input_file_ref idref="fl-2"/>
      </object_component>
      <object_component id="oc-fb">
         <name>.debug_line</name>
         <load_address>0x1c5</load_address>
         <run_address>0x1c5</run_address>
         <size>0x55</size>
         <input_file_ref idref="fl-2"/>
      </object_component>
      <object_component id="oc-c5">
         <name>.debug_line</name>
         <load_address>0x21a</load_address>
         <run_address>0x21a</run_address>
         <size>0x52</size>
         <input_file_ref idref="fl-2"/>
      </object_component>
      <object_component id="oc-8f">
         <name>.debug_line</name>
         <load_address>0x26c</load_address>
         <run_address>0x26c</run_address>
         <size>0x20</size>
         <input_file_ref idref="fl-2"/>
      </object_component>
      <object_component id="oc-ca">
         <name>.debug_line</name>
         <load_address>0x28c</load_address>
         <run_address>0x28c</run_address>
         <size>0x66</size>
         <input_file_ref idref="fl-2"/>
      </object_component>
      <object_component id="oc-cd">
         <name>.debug_line</name>
         <load_address>0x2f2</load_address>
         <run_address>0x2f2</run_address>
         <size>0x40</size>
         <input_file_ref idref="fl-3"/>
      </object_component>
      <object_component id="oc-82">
         <name>.debug_line</name>
         <load_address>0x332</load_address>
         <run_address>0x332</run_address>
         <size>0x40</size>
         <input_file_ref idref="fl-3"/>
      </object_component>
      <object_component id="oc-77">
         <name>.debug_line</name>
         <load_address>0x372</load_address>
         <run_address>0x372</run_address>
         <size>0xa1</size>
         <input_file_ref idref="fl-3"/>
      </object_component>
      <object_component id="oc-108">
         <name>.debug_line</name>
         <load_address>0x413</load_address>
         <run_address>0x413</run_address>
         <size>0x3b</size>
         <input_file_ref idref="fl-4"/>
      </object_component>
      <object_component id="oc-ba">
         <name>.debug_line</name>
         <load_address>0x44e</load_address>
         <run_address>0x44e</run_address>
         <size>0x146</size>
         <input_file_ref idref="fl-4"/>
      </object_component>
      <object_component id="oc-28">
         <name>.debug_line</name>
         <load_address>0x594</load_address>
         <run_address>0x594</run_address>
         <size>0x53</size>
         <input_file_ref idref="fl-be"/>
      </object_component>
      <object_component id="oc-8b">
         <name>.debug_line</name>
         <load_address>0x5e7</load_address>
         <run_address>0x5e7</run_address>
         <size>0xa5</size>
         <input_file_ref idref="fl-bf"/>
      </object_component>
      <object_component id="oc-16">
         <name>.debug_line</name>
         <load_address>0x68c</load_address>
         <run_address>0x68c</run_address>
         <size>0x55</size>
         <input_file_ref idref="fl-bf"/>
      </object_component>
      <object_component id="oc-37">
         <name>.debug_line</name>
         <load_address>0x6e1</load_address>
         <run_address>0x6e1</run_address>
         <size>0x3a</size>
         <input_file_ref idref="fl-bf"/>
      </object_component>
      <object_component id="oc-88">
         <name>.debug_line</name>
         <load_address>0x71b</load_address>
         <run_address>0x71b</run_address>
         <size>0xa5</size>
         <input_file_ref idref="fl-bf"/>
      </object_component>
      <object_component id="oc-93">
         <name>.debug_line</name>
         <load_address>0x7c0</load_address>
         <run_address>0x7c0</run_address>
         <size>0xa5</size>
         <input_file_ref idref="fl-c0"/>
      </object_component>
      <object_component id="oc-3f">
         <name>.debug_line</name>
         <load_address>0x865</load_address>
         <run_address>0x865</run_address>
         <size>0x98</size>
         <input_file_ref idref="fl-c0"/>
      </object_component>
      <object_component id="oc-1a">
         <name>.debug_line</name>
         <load_address>0x8fd</load_address>
         <run_address>0x8fd</run_address>
         <size>0x4b</size>
         <input_file_ref idref="fl-c0"/>
      </object_component>
      <object_component id="oc-45">
         <name>.debug_line</name>
         <load_address>0x948</load_address>
         <run_address>0x948</run_address>
         <size>0x39</size>
         <input_file_ref idref="fl-c0"/>
      </object_component>
      <object_component id="oc-97">
         <name>.debug_line</name>
         <load_address>0x981</load_address>
         <run_address>0x981</run_address>
         <size>0xa5</size>
         <input_file_ref idref="fl-c0"/>
      </object_component>
      <object_component id="oc-f1">
         <name>.debug_line</name>
         <load_address>0xa26</load_address>
         <run_address>0xa26</run_address>
         <size>0x128</size>
         <input_file_ref idref="fl-c2"/>
      </object_component>
      <object_component id="oc-e5">
         <name>.debug_line</name>
         <load_address>0xb4e</load_address>
         <run_address>0xb4e</run_address>
         <size>0x2a</size>
         <input_file_ref idref="fl-c2"/>
      </object_component>
      <object_component id="oc-6f">
         <name>.debug_line</name>
         <load_address>0xb78</load_address>
         <run_address>0xb78</run_address>
         <size>0x86</size>
         <input_file_ref idref="fl-c2"/>
      </object_component>
      <object_component id="oc-32">
         <name>.debug_line</name>
         <load_address>0xbfe</load_address>
         <run_address>0xbfe</run_address>
         <size>0x88</size>
         <input_file_ref idref="fl-c3"/>
      </object_component>
      <object_component id="oc-4b">
         <name>.debug_line</name>
         <load_address>0xc86</load_address>
         <run_address>0xc86</run_address>
         <size>0x79</size>
         <input_file_ref idref="fl-c4"/>
      </object_component>
      <object_component id="oc-55">
         <name>.debug_line</name>
         <load_address>0xcff</load_address>
         <run_address>0xcff</run_address>
         <size>0x3d</size>
         <input_file_ref idref="fl-c5"/>
      </object_component>
      <object_component id="oc-5d">
         <name>.debug_line</name>
         <load_address>0xd3c</load_address>
         <run_address>0xd3c</run_address>
         <size>0x40</size>
         <input_file_ref idref="fl-c6"/>
      </object_component>
      <object_component id="oc-b8">
         <name>.debug_line</name>
         <load_address>0xd7c</load_address>
         <run_address>0xd7c</run_address>
         <size>0x33</size>
         <input_file_ref idref="fl-c7"/>
      </object_component>
      <object_component id="oc-106">
         <name>.debug_line</name>
         <load_address>0xdaf</load_address>
         <run_address>0xdaf</run_address>
         <size>0x20</size>
         <input_file_ref idref="fl-c8"/>
      </object_component>
      <object_component id="oc-ed">
         <name>.debug_line</name>
         <load_address>0xdcf</load_address>
         <run_address>0xdcf</run_address>
         <size>0x2b</size>
         <input_file_ref idref="fl-c8"/>
      </object_component>
      <object_component id="oc-eb">
         <name>.debug_line</name>
         <load_address>0xdfa</load_address>
         <run_address>0xdfa</run_address>
         <size>0x68</size>
         <input_file_ref idref="fl-c8"/>
      </object_component>
      <object_component id="oc-de">
         <name>.debug_line</name>
         <load_address>0xe62</load_address>
         <run_address>0xe62</run_address>
         <size>0x2b</size>
         <input_file_ref idref="fl-c9"/>
      </object_component>
      <object_component id="oc-69">
         <name>.debug_line</name>
         <load_address>0xe8d</load_address>
         <run_address>0xe8d</run_address>
         <size>0x50</size>
         <input_file_ref idref="fl-c9"/>
      </object_component>
      <object_component id="oc-e2">
         <name>.debug_line</name>
         <load_address>0xedd</load_address>
         <run_address>0xedd</run_address>
         <size>0x2b</size>
         <input_file_ref idref="fl-c9"/>
      </object_component>
      <object_component id="oc-d2">
         <name>.debug_line</name>
         <load_address>0xf08</load_address>
         <run_address>0xf08</run_address>
         <size>0xc4</size>
         <input_file_ref idref="fl-ca"/>
      </object_component>
      <object_component id="oc-60">
         <name>.debug_line</name>
         <load_address>0xfcc</load_address>
         <run_address>0xfcc</run_address>
         <size>0x8b</size>
         <input_file_ref idref="fl-ca"/>
      </object_component>
      <object_component id="oc-d6">
         <name>.debug_line</name>
         <load_address>0x1057</load_address>
         <run_address>0x1057</run_address>
         <size>0x2e</size>
         <input_file_ref idref="fl-ca"/>
      </object_component>
      <object_component id="oc-db">
         <name>.debug_line</name>
         <load_address>0x1085</load_address>
         <run_address>0x1085</run_address>
         <size>0xa6</size>
         <input_file_ref idref="fl-ca"/>
      </object_component>
      <object_component id="oc-fe">
         <name>.debug_line</name>
         <load_address>0x112b</load_address>
         <run_address>0x112b</run_address>
         <size>0xb3</size>
         <input_file_ref idref="fl-cb"/>
      </object_component>
      <object_component id="oc-9f">
         <name>.debug_line</name>
         <load_address>0x11de</load_address>
         <run_address>0x11de</run_address>
         <size>0x68</size>
         <input_file_ref idref="fl-cb"/>
      </object_component>
      <object_component id="oc-102">
         <name>.debug_line</name>
         <load_address>0x1246</load_address>
         <run_address>0x1246</run_address>
         <size>0x2e</size>
         <input_file_ref idref="fl-cb"/>
      </object_component>
      <object_component id="oc-a8">
         <name>.debug_line</name>
         <load_address>0x1274</load_address>
         <run_address>0x1274</run_address>
         <size>0x3c</size>
         <input_file_ref idref="fl-cc"/>
      </object_component>
      <object_component id="oc-80">
         <name>.debug_frame</name>
         <load_address>0x0</load_address>
         <run_address>0x0</run_address>
         <size>0xff</size>
         <input_file_ref idref="fl-2"/>
      </object_component>
      <object_component id="oc-76">
         <name>.debug_frame</name>
         <load_address>0xff</load_address>
         <run_address>0xff</run_address>
         <size>0xb9</size>
         <input_file_ref idref="fl-3"/>
      </object_component>
      <object_component id="oc-be">
         <name>.debug_frame</name>
         <load_address>0x1b8</load_address>
         <run_address>0x1b8</run_address>
         <size>0x98</size>
         <input_file_ref idref="fl-4"/>
      </object_component>
      <object_component id="oc-17">
         <name>.debug_frame</name>
         <load_address>0x250</load_address>
         <run_address>0x250</run_address>
         <size>0x7f</size>
         <input_file_ref idref="fl-bf"/>
      </object_component>
      <object_component id="oc-3e">
         <name>.debug_frame</name>
         <load_address>0x2cf</load_address>
         <run_address>0x2cf</run_address>
         <size>0x8e</size>
         <input_file_ref idref="fl-c0"/>
      </object_component>
      <object_component id="oc-1d">
         <name>.debug_frame</name>
         <load_address>0x35d</load_address>
         <run_address>0x35d</run_address>
         <size>0x7f</size>
         <input_file_ref idref="fl-c0"/>
      </object_component>
      <object_component id="oc-70">
         <name>.debug_frame</name>
         <load_address>0x3dc</load_address>
         <run_address>0x3dc</run_address>
         <size>0xb3</size>
         <input_file_ref idref="fl-c2"/>
      </object_component>
      <object_component id="oc-56">
         <name>.debug_frame</name>
         <load_address>0x48f</load_address>
         <run_address>0x48f</run_address>
         <size>0x7f</size>
         <input_file_ref idref="fl-c5"/>
      </object_component>
      <object_component id="oc-5e">
         <name>.debug_frame</name>
         <load_address>0x50e</load_address>
         <run_address>0x50e</run_address>
         <size>0x7f</size>
         <input_file_ref idref="fl-c6"/>
      </object_component>
      <object_component id="oc-e8">
         <name>.debug_frame</name>
         <load_address>0x58d</load_address>
         <run_address>0x58d</run_address>
         <size>0xa1</size>
         <input_file_ref idref="fl-c8"/>
      </object_component>
      <object_component id="oc-6a">
         <name>.debug_frame</name>
         <load_address>0x62e</load_address>
         <run_address>0x62e</run_address>
         <size>0x7f</size>
         <input_file_ref idref="fl-c9"/>
      </object_component>
      <object_component id="oc-64">
         <name>.debug_frame</name>
         <load_address>0x6ad</load_address>
         <run_address>0x6ad</run_address>
         <size>0x8a</size>
         <input_file_ref idref="fl-ca"/>
      </object_component>
      <object_component id="oc-a3">
         <name>.debug_frame</name>
         <load_address>0x737</load_address>
         <run_address>0x737</run_address>
         <size>0x8e</size>
         <input_file_ref idref="fl-cb"/>
      </object_component>
      <object_component id="oc-a9">
         <name>.debug_frame</name>
         <load_address>0x7c5</load_address>
         <run_address>0x7c5</run_address>
         <size>0x7f</size>
         <input_file_ref idref="fl-cc"/>
      </object_component>
      <object_component id="oc-f6">
         <name>.debug_abbrev</name>
         <load_address>0x0</load_address>
         <run_address>0x0</run_address>
         <size>0x5d</size>
         <input_file_ref idref="fl-2"/>
      </object_component>
      <object_component id="oc-c0">
         <name>.debug_abbrev</name>
         <load_address>0x5d</load_address>
         <run_address>0x5d</run_address>
         <size>0xd0</size>
         <input_file_ref idref="fl-2"/>
      </object_component>
      <object_component id="oc-fa">
         <name>.debug_abbrev</name>
         <load_address>0x12d</load_address>
         <run_address>0x12d</run_address>
         <size>0x97</size>
         <input_file_ref idref="fl-2"/>
      </object_component>
      <object_component id="oc-c4">
         <name>.debug_abbrev</name>
         <load_address>0x1c4</load_address>
         <run_address>0x1c4</run_address>
         <size>0xbd</size>
         <input_file_ref idref="fl-2"/>
      </object_component>
      <object_component id="oc-8e">
         <name>.debug_abbrev</name>
         <load_address>0x281</load_address>
         <run_address>0x281</run_address>
         <size>0x1f</size>
         <input_file_ref idref="fl-2"/>
      </object_component>
      <object_component id="oc-c9">
         <name>.debug_abbrev</name>
         <load_address>0x2a0</load_address>
         <run_address>0x2a0</run_address>
         <size>0x35</size>
         <input_file_ref idref="fl-2"/>
      </object_component>
      <object_component id="oc-cc">
         <name>.debug_abbrev</name>
         <load_address>0x2d5</load_address>
         <run_address>0x2d5</run_address>
         <size>0x68</size>
         <input_file_ref idref="fl-3"/>
      </object_component>
      <object_component id="oc-81">
         <name>.debug_abbrev</name>
         <load_address>0x33d</load_address>
         <run_address>0x33d</run_address>
         <size>0x29</size>
         <input_file_ref idref="fl-3"/>
      </object_component>
      <object_component id="oc-bf">
         <name>.debug_abbrev</name>
         <load_address>0x366</load_address>
         <run_address>0x366</run_address>
         <size>0x85</size>
         <input_file_ref idref="fl-3"/>
      </object_component>
      <object_component id="oc-107">
         <name>.debug_abbrev</name>
         <load_address>0x3eb</load_address>
         <run_address>0x3eb</run_address>
         <size>0x29</size>
         <input_file_ref idref="fl-4"/>
      </object_component>
      <object_component id="oc-f5">
         <name>.debug_abbrev</name>
         <load_address>0x414</load_address>
         <run_address>0x414</run_address>
         <size>0x8b</size>
         <input_file_ref idref="fl-4"/>
      </object_component>
      <object_component id="oc-74">
         <name>.debug_abbrev</name>
         <load_address>0x49f</load_address>
         <run_address>0x49f</run_address>
         <size>0x3e</size>
         <input_file_ref idref="fl-be"/>
      </object_component>
      <object_component id="oc-8a">
         <name>.debug_abbrev</name>
         <load_address>0x4dd</load_address>
         <run_address>0x4dd</run_address>
         <size>0x52</size>
         <input_file_ref idref="fl-bf"/>
      </object_component>
      <object_component id="oc-33">
         <name>.debug_abbrev</name>
         <load_address>0x52f</load_address>
         <run_address>0x52f</run_address>
         <size>0x74</size>
         <input_file_ref idref="fl-bf"/>
      </object_component>
      <object_component id="oc-36">
         <name>.debug_abbrev</name>
         <load_address>0x5a3</load_address>
         <run_address>0x5a3</run_address>
         <size>0x24</size>
         <input_file_ref idref="fl-bf"/>
      </object_component>
      <object_component id="oc-87">
         <name>.debug_abbrev</name>
         <load_address>0x5c7</load_address>
         <run_address>0x5c7</run_address>
         <size>0x24</size>
         <input_file_ref idref="fl-bf"/>
      </object_component>
      <object_component id="oc-92">
         <name>.debug_abbrev</name>
         <load_address>0x5eb</load_address>
         <run_address>0x5eb</run_address>
         <size>0x52</size>
         <input_file_ref idref="fl-c0"/>
      </object_component>
      <object_component id="oc-91">
         <name>.debug_abbrev</name>
         <load_address>0x63d</load_address>
         <run_address>0x63d</run_address>
         <size>0x7b</size>
         <input_file_ref idref="fl-c0"/>
      </object_component>
      <object_component id="oc-40">
         <name>.debug_abbrev</name>
         <load_address>0x6b8</load_address>
         <run_address>0x6b8</run_address>
         <size>0x66</size>
         <input_file_ref idref="fl-c0"/>
      </object_component>
      <object_component id="oc-44">
         <name>.debug_abbrev</name>
         <load_address>0x71e</load_address>
         <run_address>0x71e</run_address>
         <size>0x24</size>
         <input_file_ref idref="fl-c0"/>
      </object_component>
      <object_component id="oc-96">
         <name>.debug_abbrev</name>
         <load_address>0x742</load_address>
         <run_address>0x742</run_address>
         <size>0x24</size>
         <input_file_ref idref="fl-c0"/>
      </object_component>
      <object_component id="oc-f0">
         <name>.debug_abbrev</name>
         <load_address>0x766</load_address>
         <run_address>0x766</run_address>
         <size>0xa8</size>
         <input_file_ref idref="fl-c2"/>
      </object_component>
      <object_component id="oc-e4">
         <name>.debug_abbrev</name>
         <load_address>0x80e</load_address>
         <run_address>0x80e</run_address>
         <size>0x29</size>
         <input_file_ref idref="fl-c2"/>
      </object_component>
      <object_component id="oc-b4">
         <name>.debug_abbrev</name>
         <load_address>0x837</load_address>
         <run_address>0x837</run_address>
         <size>0xba</size>
         <input_file_ref idref="fl-c2"/>
      </object_component>
      <object_component id="oc-84">
         <name>.debug_abbrev</name>
         <load_address>0x8f1</load_address>
         <run_address>0x8f1</run_address>
         <size>0x3e</size>
         <input_file_ref idref="fl-c3"/>
      </object_component>
      <object_component id="oc-99">
         <name>.debug_abbrev</name>
         <load_address>0x92f</load_address>
         <run_address>0x92f</run_address>
         <size>0x4f</size>
         <input_file_ref idref="fl-c4"/>
      </object_component>
      <object_component id="oc-9c">
         <name>.debug_abbrev</name>
         <load_address>0x97e</load_address>
         <run_address>0x97e</run_address>
         <size>0x53</size>
         <input_file_ref idref="fl-c5"/>
      </object_component>
      <object_component id="oc-9d">
         <name>.debug_abbrev</name>
         <load_address>0x9d1</load_address>
         <run_address>0x9d1</run_address>
         <size>0x55</size>
         <input_file_ref idref="fl-c6"/>
      </object_component>
      <object_component id="oc-b7">
         <name>.debug_abbrev</name>
         <load_address>0xa26</load_address>
         <run_address>0xa26</run_address>
         <size>0x27</size>
         <input_file_ref idref="fl-c7"/>
      </object_component>
      <object_component id="oc-105">
         <name>.debug_abbrev</name>
         <load_address>0xa4d</load_address>
         <run_address>0xa4d</run_address>
         <size>0x45</size>
         <input_file_ref idref="fl-c8"/>
      </object_component>
      <object_component id="oc-ec">
         <name>.debug_abbrev</name>
         <load_address>0xa92</load_address>
         <run_address>0xa92</run_address>
         <size>0x29</size>
         <input_file_ref idref="fl-c8"/>
      </object_component>
      <object_component id="oc-104">
         <name>.debug_abbrev</name>
         <load_address>0xabb</load_address>
         <run_address>0xabb</run_address>
         <size>0x6f</size>
         <input_file_ref idref="fl-c8"/>
      </object_component>
      <object_component id="oc-dd">
         <name>.debug_abbrev</name>
         <load_address>0xb2a</load_address>
         <run_address>0xb2a</run_address>
         <size>0x8e</size>
         <input_file_ref idref="fl-c9"/>
      </object_component>
      <object_component id="oc-ac">
         <name>.debug_abbrev</name>
         <load_address>0xbb8</load_address>
         <run_address>0xbb8</run_address>
         <size>0x68</size>
         <input_file_ref idref="fl-c9"/>
      </object_component>
      <object_component id="oc-e1">
         <name>.debug_abbrev</name>
         <load_address>0xc20</load_address>
         <run_address>0xc20</run_address>
         <size>0x49</size>
         <input_file_ref idref="fl-c9"/>
      </object_component>
      <object_component id="oc-d1">
         <name>.debug_abbrev</name>
         <load_address>0xc69</load_address>
         <run_address>0xc69</run_address>
         <size>0xae</size>
         <input_file_ref idref="fl-ca"/>
      </object_component>
      <object_component id="oc-aa">
         <name>.debug_abbrev</name>
         <load_address>0xd17</load_address>
         <run_address>0xd17</run_address>
         <size>0x7e</size>
         <input_file_ref idref="fl-ca"/>
      </object_component>
      <object_component id="oc-d5">
         <name>.debug_abbrev</name>
         <load_address>0xd95</load_address>
         <run_address>0xd95</run_address>
         <size>0x24</size>
         <input_file_ref idref="fl-ca"/>
      </object_component>
      <object_component id="oc-da">
         <name>.debug_abbrev</name>
         <load_address>0xdb9</load_address>
         <run_address>0xdb9</run_address>
         <size>0x4b</size>
         <input_file_ref idref="fl-ca"/>
      </object_component>
      <object_component id="oc-fd">
         <name>.debug_abbrev</name>
         <load_address>0xe04</load_address>
         <run_address>0xe04</run_address>
         <size>0x9c</size>
         <input_file_ref idref="fl-cb"/>
      </object_component>
      <object_component id="oc-ce">
         <name>.debug_abbrev</name>
         <load_address>0xea0</load_address>
         <run_address>0xea0</run_address>
         <size>0x8c</size>
         <input_file_ref idref="fl-cb"/>
      </object_component>
      <object_component id="oc-101">
         <name>.debug_abbrev</name>
         <load_address>0xf2c</load_address>
         <run_address>0xf2c</run_address>
         <size>0x24</size>
         <input_file_ref idref="fl-cb"/>
      </object_component>
      <object_component id="oc-d0">
         <name>.debug_abbrev</name>
         <load_address>0xf50</load_address>
         <run_address>0xf50</run_address>
         <size>0x53</size>
         <input_file_ref idref="fl-cc"/>
      </object_component>
      <object_component id="oc-131">
         <name>.debug_abbrev</name>
         <load_address>0xfa3</load_address>
         <run_address>0xfa3</run_address>
         <size>0xf</size>
      </object_component>
      <object_component id="oc-fc">
         <name>.debug_str</name>
         <load_address>0x0</load_address>
         <run_address>0x0</run_address>
         <size>0x45f</size>
         <input_file_ref idref="fl-2"/>
      </object_component>
      <object_component id="oc-c6">
         <name>.debug_str</name>
         <load_address>0x45f</load_address>
         <run_address>0x45f</run_address>
         <size>0x172a</size>
         <input_file_ref idref="fl-2"/>
      </object_component>
      <object_component id="oc-90">
         <name>.debug_str</name>
         <load_address>0x1b89</load_address>
         <run_address>0x1b89</run_address>
         <size>0xfb</size>
         <input_file_ref idref="fl-2"/>
      </object_component>
      <object_component id="oc-cb">
         <name>.debug_str</name>
         <load_address>0x1c84</load_address>
         <run_address>0x1c84</run_address>
         <size>0x209</size>
         <input_file_ref idref="fl-2"/>
      </object_component>
      <object_component id="oc-38">
         <name>.debug_str</name>
         <load_address>0x1e8d</load_address>
         <run_address>0x1e8d</run_address>
         <size>0x11c</size>
         <input_file_ref idref="fl-bf"/>
      </object_component>
      <object_component id="oc-89">
         <name>.debug_str</name>
         <load_address>0x1fa9</load_address>
         <run_address>0x1fa9</run_address>
         <size>0x164</size>
         <input_file_ref idref="fl-bf"/>
      </object_component>
      <object_component id="oc-46">
         <name>.debug_str</name>
         <load_address>0x210d</load_address>
         <run_address>0x210d</run_address>
         <size>0x10e</size>
         <input_file_ref idref="fl-c0"/>
      </object_component>
      <object_component id="oc-98">
         <name>.debug_str</name>
         <load_address>0x221b</load_address>
         <run_address>0x221b</run_address>
         <size>0x164</size>
         <input_file_ref idref="fl-c0"/>
      </object_component>
      <object_component id="oc-e3">
         <name>.debug_str</name>
         <load_address>0x237f</load_address>
         <run_address>0x237f</run_address>
         <size>0xf2</size>
         <input_file_ref idref="fl-c9"/>
      </object_component>
      <object_component id="oc-d7">
         <name>.debug_str</name>
         <load_address>0x2471</load_address>
         <run_address>0x2471</run_address>
         <size>0xfe</size>
         <input_file_ref idref="fl-ca"/>
      </object_component>
      <object_component id="oc-dc">
         <name>.debug_str</name>
         <load_address>0x256f</load_address>
         <run_address>0x256f</run_address>
         <size>0x1bb</size>
         <input_file_ref idref="fl-ca"/>
      </object_component>
      <object_component id="oc-103">
         <name>.debug_str</name>
         <load_address>0x272a</load_address>
         <run_address>0x272a</run_address>
         <size>0xf3</size>
         <input_file_ref idref="fl-cb"/>
      </object_component>
      <object_component id="oc-7d">
         <name>.debug_aranges</name>
         <load_address>0x0</load_address>
         <run_address>0x0</run_address>
         <size>0x50</size>
         <input_file_ref idref="fl-2"/>
      </object_component>
      <object_component id="oc-79">
         <name>.debug_aranges</name>
         <load_address>0x50</load_address>
         <run_address>0x50</run_address>
         <size>0x38</size>
         <input_file_ref idref="fl-3"/>
      </object_component>
      <object_component id="oc-bc">
         <name>.debug_aranges</name>
         <load_address>0x88</load_address>
         <run_address>0x88</run_address>
         <size>0x28</size>
         <input_file_ref idref="fl-4"/>
      </object_component>
      <object_component id="oc-26">
         <name>.debug_aranges</name>
         <load_address>0xb0</load_address>
         <run_address>0xb0</run_address>
         <size>0x20</size>
         <input_file_ref idref="fl-be"/>
      </object_component>
      <object_component id="oc-13">
         <name>.debug_aranges</name>
         <load_address>0xd0</load_address>
         <run_address>0xd0</run_address>
         <size>0x20</size>
         <input_file_ref idref="fl-bf"/>
      </object_component>
      <object_component id="oc-3b">
         <name>.debug_aranges</name>
         <load_address>0xf0</load_address>
         <run_address>0xf0</run_address>
         <size>0x20</size>
         <input_file_ref idref="fl-c0"/>
      </object_component>
      <object_component id="oc-19">
         <name>.debug_aranges</name>
         <load_address>0x110</load_address>
         <run_address>0x110</run_address>
         <size>0x20</size>
         <input_file_ref idref="fl-c0"/>
      </object_component>
      <object_component id="oc-6e">
         <name>.debug_aranges</name>
         <load_address>0x130</load_address>
         <run_address>0x130</run_address>
         <size>0x30</size>
         <input_file_ref idref="fl-c2"/>
      </object_component>
      <object_component id="oc-30">
         <name>.debug_aranges</name>
         <load_address>0x160</load_address>
         <run_address>0x160</run_address>
         <size>0x20</size>
         <input_file_ref idref="fl-c3"/>
      </object_component>
      <object_component id="oc-48">
         <name>.debug_aranges</name>
         <load_address>0x180</load_address>
         <run_address>0x180</run_address>
         <size>0x28</size>
         <input_file_ref idref="fl-c4"/>
      </object_component>
      <object_component id="oc-54">
         <name>.debug_aranges</name>
         <load_address>0x1a8</load_address>
         <run_address>0x1a8</run_address>
         <size>0x20</size>
         <input_file_ref idref="fl-c5"/>
      </object_component>
      <object_component id="oc-5b">
         <name>.debug_aranges</name>
         <load_address>0x1c8</load_address>
         <run_address>0x1c8</run_address>
         <size>0x20</size>
         <input_file_ref idref="fl-c6"/>
      </object_component>
      <object_component id="oc-e7">
         <name>.debug_aranges</name>
         <load_address>0x1e8</load_address>
         <run_address>0x1e8</run_address>
         <size>0x30</size>
         <input_file_ref idref="fl-c8"/>
      </object_component>
      <object_component id="oc-67">
         <name>.debug_aranges</name>
         <load_address>0x218</load_address>
         <run_address>0x218</run_address>
         <size>0x20</size>
         <input_file_ref idref="fl-c9"/>
      </object_component>
      <object_component id="oc-62">
         <name>.debug_aranges</name>
         <load_address>0x238</load_address>
         <run_address>0x238</run_address>
         <size>0x20</size>
         <input_file_ref idref="fl-ca"/>
      </object_component>
      <object_component id="oc-a2">
         <name>.debug_aranges</name>
         <load_address>0x258</load_address>
         <run_address>0x258</run_address>
         <size>0x20</size>
         <input_file_ref idref="fl-cb"/>
      </object_component>
      <object_component id="oc-a7">
         <name>.debug_aranges</name>
         <load_address>0x278</load_address>
         <run_address>0x278</run_address>
         <size>0x20</size>
         <input_file_ref idref="fl-cc"/>
      </object_component>
      <object_component id="oc-7e">
         <name>.debug_pubnames</name>
         <load_address>0x0</load_address>
         <run_address>0x0</run_address>
         <size>0x85</size>
         <input_file_ref idref="fl-2"/>
      </object_component>
      <object_component id="oc-2c">
         <name>.debug_pubnames</name>
         <load_address>0x85</load_address>
         <run_address>0x85</run_address>
         <size>0x27</size>
         <input_file_ref idref="fl-3"/>
      </object_component>
      <object_component id="oc-7a">
         <name>.debug_pubnames</name>
         <load_address>0xac</load_address>
         <run_address>0xac</run_address>
         <size>0x46</size>
         <input_file_ref idref="fl-3"/>
      </object_component>
      <object_component id="oc-f4">
         <name>.debug_pubnames</name>
         <load_address>0xf2</load_address>
         <run_address>0xf2</run_address>
         <size>0x26</size>
         <input_file_ref idref="fl-4"/>
      </object_component>
      <object_component id="oc-bd">
         <name>.debug_pubnames</name>
         <load_address>0x118</load_address>
         <run_address>0x118</run_address>
         <size>0x3b</size>
         <input_file_ref idref="fl-4"/>
      </object_component>
      <object_component id="oc-27">
         <name>.debug_pubnames</name>
         <load_address>0x153</load_address>
         <run_address>0x153</run_address>
         <size>0x1f</size>
         <input_file_ref idref="fl-be"/>
      </object_component>
      <object_component id="oc-15">
         <name>.debug_pubnames</name>
         <load_address>0x172</load_address>
         <run_address>0x172</run_address>
         <size>0x2b</size>
         <input_file_ref idref="fl-bf"/>
      </object_component>
      <object_component id="oc-3d">
         <name>.debug_pubnames</name>
         <load_address>0x19d</load_address>
         <run_address>0x19d</run_address>
         <size>0x2f</size>
         <input_file_ref idref="fl-c0"/>
      </object_component>
      <object_component id="oc-1c">
         <name>.debug_pubnames</name>
         <load_address>0x1cc</load_address>
         <run_address>0x1cc</run_address>
         <size>0x2c</size>
         <input_file_ref idref="fl-c0"/>
      </object_component>
      <object_component id="oc-b0">
         <name>.debug_pubnames</name>
         <load_address>0x1f8</load_address>
         <run_address>0x1f8</run_address>
         <size>0x5e</size>
         <input_file_ref idref="fl-c2"/>
      </object_component>
      <object_component id="oc-6d">
         <name>.debug_pubnames</name>
         <load_address>0x256</load_address>
         <run_address>0x256</run_address>
         <size>0x35</size>
         <input_file_ref idref="fl-c2"/>
      </object_component>
      <object_component id="oc-31">
         <name>.debug_pubnames</name>
         <load_address>0x28b</load_address>
         <run_address>0x28b</run_address>
         <size>0x1d</size>
         <input_file_ref idref="fl-c3"/>
      </object_component>
      <object_component id="oc-4a">
         <name>.debug_pubnames</name>
         <load_address>0x2a8</load_address>
         <run_address>0x2a8</run_address>
         <size>0x37</size>
         <input_file_ref idref="fl-c4"/>
      </object_component>
      <object_component id="oc-58">
         <name>.debug_pubnames</name>
         <load_address>0x2df</load_address>
         <run_address>0x2df</run_address>
         <size>0x21</size>
         <input_file_ref idref="fl-c5"/>
      </object_component>
      <object_component id="oc-5c">
         <name>.debug_pubnames</name>
         <load_address>0x300</load_address>
         <run_address>0x300</run_address>
         <size>0x27</size>
         <input_file_ref idref="fl-c6"/>
      </object_component>
      <object_component id="oc-73">
         <name>.debug_pubnames</name>
         <load_address>0x327</load_address>
         <run_address>0x327</run_address>
         <size>0x23</size>
         <input_file_ref idref="fl-c7"/>
      </object_component>
      <object_component id="oc-b3">
         <name>.debug_pubnames</name>
         <load_address>0x34a</load_address>
         <run_address>0x34a</run_address>
         <size>0x28</size>
         <input_file_ref idref="fl-c8"/>
      </object_component>
      <object_component id="oc-ea">
         <name>.debug_pubnames</name>
         <load_address>0x372</load_address>
         <run_address>0x372</run_address>
         <size>0x43</size>
         <input_file_ref idref="fl-c8"/>
      </object_component>
      <object_component id="oc-68">
         <name>.debug_pubnames</name>
         <load_address>0x3b5</load_address>
         <run_address>0x3b5</run_address>
         <size>0x21</size>
         <input_file_ref idref="fl-c9"/>
      </object_component>
      <object_component id="oc-63">
         <name>.debug_pubnames</name>
         <load_address>0x3d6</load_address>
         <run_address>0x3d6</run_address>
         <size>0x25</size>
         <input_file_ref idref="fl-ca"/>
      </object_component>
      <object_component id="oc-a1">
         <name>.debug_pubnames</name>
         <load_address>0x3fb</load_address>
         <run_address>0x3fb</run_address>
         <size>0x1e</size>
         <input_file_ref idref="fl-cb"/>
      </object_component>
      <object_component id="oc-a6">
         <name>.debug_pubnames</name>
         <load_address>0x419</load_address>
         <run_address>0x419</run_address>
         <size>0x29</size>
         <input_file_ref idref="fl-cc"/>
      </object_component>
      <object_component id="oc-f9">
         <name>.debug_pubtypes</name>
         <load_address>0x0</load_address>
         <run_address>0x0</run_address>
         <size>0xdd</size>
         <input_file_ref idref="fl-2"/>
      </object_component>
      <object_component id="oc-c3">
         <name>.debug_pubtypes</name>
         <load_address>0xdd</load_address>
         <run_address>0xdd</run_address>
         <size>0x2c8</size>
         <input_file_ref idref="fl-2"/>
      </object_component>
      <object_component id="oc-8d">
         <name>.debug_pubtypes</name>
         <load_address>0x3a5</load_address>
         <run_address>0x3a5</run_address>
         <size>0xed</size>
         <input_file_ref idref="fl-2"/>
      </object_component>
      <object_component id="oc-c8">
         <name>.debug_pubtypes</name>
         <load_address>0x492</load_address>
         <run_address>0x492</run_address>
         <size>0x1c6</size>
         <input_file_ref idref="fl-2"/>
      </object_component>
      <object_component id="oc-35">
         <name>.debug_pubtypes</name>
         <load_address>0x658</load_address>
         <run_address>0x658</run_address>
         <size>0x48</size>
         <input_file_ref idref="fl-bf"/>
      </object_component>
      <object_component id="oc-86">
         <name>.debug_pubtypes</name>
         <load_address>0x6a0</load_address>
         <run_address>0x6a0</run_address>
         <size>0x1d</size>
         <input_file_ref idref="fl-bf"/>
      </object_component>
      <object_component id="oc-43">
         <name>.debug_pubtypes</name>
         <load_address>0x6bd</load_address>
         <run_address>0x6bd</run_address>
         <size>0x37</size>
         <input_file_ref idref="fl-c0"/>
      </object_component>
      <object_component id="oc-95">
         <name>.debug_pubtypes</name>
         <load_address>0x6f4</load_address>
         <run_address>0x6f4</run_address>
         <size>0x1d</size>
         <input_file_ref idref="fl-c0"/>
      </object_component>
      <object_component id="oc-b6">
         <name>.debug_pubtypes</name>
         <load_address>0x711</load_address>
         <run_address>0x711</run_address>
         <size>0x1f</size>
         <input_file_ref idref="fl-c2"/>
      </object_component>
      <object_component id="oc-ef">
         <name>.debug_pubtypes</name>
         <load_address>0x730</load_address>
         <run_address>0x730</run_address>
         <size>0x1f</size>
         <input_file_ref idref="fl-c8"/>
      </object_component>
      <object_component id="oc-e0">
         <name>.debug_pubtypes</name>
         <load_address>0x74f</load_address>
         <run_address>0x74f</run_address>
         <size>0x1b</size>
         <input_file_ref idref="fl-c9"/>
      </object_component>
      <object_component id="oc-d4">
         <name>.debug_pubtypes</name>
         <load_address>0x76a</load_address>
         <run_address>0x76a</run_address>
         <size>0x32</size>
         <input_file_ref idref="fl-ca"/>
      </object_component>
      <object_component id="oc-d9">
         <name>.debug_pubtypes</name>
         <load_address>0x79c</load_address>
         <run_address>0x79c</run_address>
         <size>0x50</size>
         <input_file_ref idref="fl-ca"/>
      </object_component>
      <object_component id="oc-100">
         <name>.debug_pubtypes</name>
         <load_address>0x7ec</load_address>
         <run_address>0x7ec</run_address>
         <size>0x23</size>
         <input_file_ref idref="fl-cb"/>
      </object_component>
   </object_component_list>
   <logical_group_list>
      <logical_group id="lg-3" display="no" color="cyan">
         <name>.intvecs</name>
         <load_address>0x0</load_address>
         <run_address>0x0</run_address>
         <size>0x140</size>
         <contents>
            <object_component_ref idref="oc-2a"/>
         </contents>
      </logical_group>
      <logical_group id="lg-4" display="no" color="cyan">
         <name>.text</name>
         <load_address>0x140</load_address>
         <run_address>0x140</run_address>
         <size>0x82e</size>
         <contents>
            <object_component_ref idref="oc-b9"/>
            <object_component_ref idref="oc-7b"/>
            <object_component_ref idref="oc-2e"/>
            <object_component_ref idref="oc-47"/>
            <object_component_ref idref="oc-53"/>
            <object_component_ref idref="oc-5f"/>
            <object_component_ref idref="oc-3a"/>
            <object_component_ref idref="oc-a4"/>
            <object_component_ref idref="oc-24"/>
            <object_component_ref idref="oc-6b"/>
            <object_component_ref idref="oc-9e"/>
            <object_component_ref idref="oc-65"/>
            <object_component_ref idref="oc-e6"/>
            <object_component_ref idref="oc-75"/>
            <object_component_ref idref="oc-12"/>
            <object_component_ref idref="oc-18"/>
            <object_component_ref idref="oc-59"/>
         </contents>
      </logical_group>
      <logical_group id="lg-5" display="no" color="cyan">
         <name>.const</name>
         <run_address>0x0</run_address>
         <size>0x0</size>
         <contents>
         </contents>
      </logical_group>
      <logical_group id="lg-6" display="no" color="cyan">
         <name>.cinit</name>
         <load_address>0x970</load_address>
         <run_address>0x970</run_address>
         <size>0x2c</size>
         <contents>
            <object_component_ref idref="oc-12e"/>
            <object_component_ref idref="oc-12c"/>
            <object_component_ref idref="oc-12d"/>
         </contents>
      </logical_group>
      <logical_group id="lg-7" display="no" color="cyan">
         <name>.pinit</name>
         <run_address>0x0</run_address>
         <size>0x0</size>
         <contents>
         </contents>
      </logical_group>
      <logical_group id="lg-8" display="no" color="cyan">
         <name>.init_array</name>
         <run_address>0x0</run_address>
         <size>0x0</size>
         <contents>
         </contents>
      </logical_group>
      <logical_group id="lg-9" display="no" color="cyan">
         <name>.binit</name>
         <load_address>0x0</load_address>
         <run_address>0x0</run_address>
         <size>0x0</size>
         <contents>
            <object_component_ref idref="oc-10b"/>
         </contents>
      </logical_group>
      <logical_group id="lg-a" display="no" color="cyan">
         <name>.flashMailbox</name>
         <run_address>0x0</run_address>
         <size>0x0</size>
         <contents>
         </contents>
      </logical_group>
      <logical_group id="lg-b" display="no" color="cyan">
         <name>.vtable</name>
         <run_address>0x0</run_address>
         <size>0x0</size>
         <contents>
         </contents>
      </logical_group>
      <logical_group id="lg-c" display="no" color="cyan">
         <name>.data</name>
         <run_address>0x20000000</run_address>
         <size>0x1c</size>
         <contents>
            <object_component_ref idref="oc-f2"/>
            <object_component_ref idref="oc-ae"/>
            <object_component_ref idref="oc-71"/>
            <object_component_ref idref="oc-b1"/>
         </contents>
      </logical_group>
      <logical_group id="lg-d" display="no" color="cyan">
         <name>.bss</name>
         <run_address>0x0</run_address>
         <size>0x0</size>
         <contents>
         </contents>
      </logical_group>
      <logical_group id="lg-e" display="no" color="cyan">
         <name>.sysmem</name>
         <run_address>0x0</run_address>
         <size>0x0</size>
         <contents>
         </contents>
      </logical_group>
      <logical_group id="lg-f" display="no" color="cyan">
         <name>.stack</name>
         <run_address>0x2000fe00</run_address>
         <size>0x200</size>
         <contents>
            <object_component_ref idref="oc-2d"/>
            <object_component_ref idref="oc-12f"/>
         </contents>
      </logical_group>
      <logical_group id="lg-10" display="no" color="cyan">
         <name>.TI.ramfunc</name>
         <run_address>0x0</run_address>
         <size>0x0</size>
         <contents>
         </contents>
      </logical_group>
      <logical_group id="lg-109" display="no" color="cyan">
         <name>.TI.noinit</name>
         <run_address>0x0</run_address>
         <size>0x0</size>
         <contents>
         </contents>
      </logical_group>
      <logical_group id="lg-10a" display="no" color="cyan">
         <name>.TI.persistent</name>
         <run_address>0x0</run_address>
         <size>0x0</size>
         <contents>
         </contents>
      </logical_group>
      <logical_group id="lg-11c" display="never" color="cyan">
         <name>.debug_info</name>
         <load_address>0x0</load_address>
         <run_address>0x0</run_address>
         <size>0x8476</size>
         <contents>
            <object_component_ref idref="oc-c1"/>
            <object_component_ref idref="oc-7c"/>
            <object_component_ref idref="oc-f8"/>
            <object_component_ref idref="oc-c2"/>
            <object_component_ref idref="oc-8c"/>
            <object_component_ref idref="oc-c7"/>
            <object_component_ref idref="oc-83"/>
            <object_component_ref idref="oc-2b"/>
            <object_component_ref idref="oc-78"/>
            <object_component_ref idref="oc-f3"/>
            <object_component_ref idref="oc-bb"/>
            <object_component_ref idref="oc-25"/>
            <object_component_ref idref="oc-39"/>
            <object_component_ref idref="oc-14"/>
            <object_component_ref idref="oc-34"/>
            <object_component_ref idref="oc-85"/>
            <object_component_ref idref="oc-41"/>
            <object_component_ref idref="oc-3c"/>
            <object_component_ref idref="oc-1b"/>
            <object_component_ref idref="oc-42"/>
            <object_component_ref idref="oc-94"/>
            <object_component_ref idref="oc-b5"/>
            <object_component_ref idref="oc-af"/>
            <object_component_ref idref="oc-6c"/>
            <object_component_ref idref="oc-2f"/>
            <object_component_ref idref="oc-49"/>
            <object_component_ref idref="oc-57"/>
            <object_component_ref idref="oc-5a"/>
            <object_component_ref idref="oc-72"/>
            <object_component_ref idref="oc-ee"/>
            <object_component_ref idref="oc-b2"/>
            <object_component_ref idref="oc-e9"/>
            <object_component_ref idref="oc-ad"/>
            <object_component_ref idref="oc-66"/>
            <object_component_ref idref="oc-df"/>
            <object_component_ref idref="oc-ab"/>
            <object_component_ref idref="oc-61"/>
            <object_component_ref idref="oc-d3"/>
            <object_component_ref idref="oc-d8"/>
            <object_component_ref idref="oc-cf"/>
            <object_component_ref idref="oc-a0"/>
            <object_component_ref idref="oc-ff"/>
            <object_component_ref idref="oc-a5"/>
            <object_component_ref idref="oc-130"/>
         </contents>
      </logical_group>
      <logical_group id="lg-11e" display="never" color="cyan">
         <name>.debug_line</name>
         <load_address>0x0</load_address>
         <run_address>0x0</run_address>
         <size>0x12b0</size>
         <contents>
            <object_component_ref idref="oc-f7"/>
            <object_component_ref idref="oc-7f"/>
            <object_component_ref idref="oc-fb"/>
            <object_component_ref idref="oc-c5"/>
            <object_component_ref idref="oc-8f"/>
            <object_component_ref idref="oc-ca"/>
            <object_component_ref idref="oc-cd"/>
            <object_component_ref idref="oc-82"/>
            <object_component_ref idref="oc-77"/>
            <object_component_ref idref="oc-108"/>
            <object_component_ref idref="oc-ba"/>
            <object_component_ref idref="oc-28"/>
            <object_component_ref idref="oc-8b"/>
            <object_component_ref idref="oc-16"/>
            <object_component_ref idref="oc-37"/>
            <object_component_ref idref="oc-88"/>
            <object_component_ref idref="oc-93"/>
            <object_component_ref idref="oc-3f"/>
            <object_component_ref idref="oc-1a"/>
            <object_component_ref idref="oc-45"/>
            <object_component_ref idref="oc-97"/>
            <object_component_ref idref="oc-f1"/>
            <object_component_ref idref="oc-e5"/>
            <object_component_ref idref="oc-6f"/>
            <object_component_ref idref="oc-32"/>
            <object_component_ref idref="oc-4b"/>
            <object_component_ref idref="oc-55"/>
            <object_component_ref idref="oc-5d"/>
            <object_component_ref idref="oc-b8"/>
            <object_component_ref idref="oc-106"/>
            <object_component_ref idref="oc-ed"/>
            <object_component_ref idref="oc-eb"/>
            <object_component_ref idref="oc-de"/>
            <object_component_ref idref="oc-69"/>
            <object_component_ref idref="oc-e2"/>
            <object_component_ref idref="oc-d2"/>
            <object_component_ref idref="oc-60"/>
            <object_component_ref idref="oc-d6"/>
            <object_component_ref idref="oc-db"/>
            <object_component_ref idref="oc-fe"/>
            <object_component_ref idref="oc-9f"/>
            <object_component_ref idref="oc-102"/>
            <object_component_ref idref="oc-a8"/>
         </contents>
      </logical_group>
      <logical_group id="lg-120" display="never" color="cyan">
         <name>.debug_frame</name>
         <load_address>0x0</load_address>
         <run_address>0x0</run_address>
         <size>0x844</size>
         <contents>
            <object_component_ref idref="oc-80"/>
            <object_component_ref idref="oc-76"/>
            <object_component_ref idref="oc-be"/>
            <object_component_ref idref="oc-17"/>
            <object_component_ref idref="oc-3e"/>
            <object_component_ref idref="oc-1d"/>
            <object_component_ref idref="oc-70"/>
            <object_component_ref idref="oc-56"/>
            <object_component_ref idref="oc-5e"/>
            <object_component_ref idref="oc-e8"/>
            <object_component_ref idref="oc-6a"/>
            <object_component_ref idref="oc-64"/>
            <object_component_ref idref="oc-a3"/>
            <object_component_ref idref="oc-a9"/>
         </contents>
      </logical_group>
      <logical_group id="lg-122" display="never" color="cyan">
         <name>.debug_abbrev</name>
         <load_address>0x0</load_address>
         <run_address>0x0</run_address>
         <size>0xfb2</size>
         <contents>
            <object_component_ref idref="oc-f6"/>
            <object_component_ref idref="oc-c0"/>
            <object_component_ref idref="oc-fa"/>
            <object_component_ref idref="oc-c4"/>
            <object_component_ref idref="oc-8e"/>
            <object_component_ref idref="oc-c9"/>
            <object_component_ref idref="oc-cc"/>
            <object_component_ref idref="oc-81"/>
            <object_component_ref idref="oc-bf"/>
            <object_component_ref idref="oc-107"/>
            <object_component_ref idref="oc-f5"/>
            <object_component_ref idref="oc-74"/>
            <object_component_ref idref="oc-8a"/>
            <object_component_ref idref="oc-33"/>
            <object_component_ref idref="oc-36"/>
            <object_component_ref idref="oc-87"/>
            <object_component_ref idref="oc-92"/>
            <object_component_ref idref="oc-91"/>
            <object_component_ref idref="oc-40"/>
            <object_component_ref idref="oc-44"/>
            <object_component_ref idref="oc-96"/>
            <object_component_ref idref="oc-f0"/>
            <object_component_ref idref="oc-e4"/>
            <object_component_ref idref="oc-b4"/>
            <object_component_ref idref="oc-84"/>
            <object_component_ref idref="oc-99"/>
            <object_component_ref idref="oc-9c"/>
            <object_component_ref idref="oc-9d"/>
            <object_component_ref idref="oc-b7"/>
            <object_component_ref idref="oc-105"/>
            <object_component_ref idref="oc-ec"/>
            <object_component_ref idref="oc-104"/>
            <object_component_ref idref="oc-dd"/>
            <object_component_ref idref="oc-ac"/>
            <object_component_ref idref="oc-e1"/>
            <object_component_ref idref="oc-d1"/>
            <object_component_ref idref="oc-aa"/>
            <object_component_ref idref="oc-d5"/>
            <object_component_ref idref="oc-da"/>
            <object_component_ref idref="oc-fd"/>
            <object_component_ref idref="oc-ce"/>
            <object_component_ref idref="oc-101"/>
            <object_component_ref idref="oc-d0"/>
            <object_component_ref idref="oc-131"/>
         </contents>
      </logical_group>
      <logical_group id="lg-124" display="never" color="cyan">
         <name>.debug_str</name>
         <load_address>0x0</load_address>
         <run_address>0x0</run_address>
         <size>0x281d</size>
         <contents>
            <object_component_ref idref="oc-fc"/>
            <object_component_ref idref="oc-c6"/>
            <object_component_ref idref="oc-90"/>
            <object_component_ref idref="oc-cb"/>
            <object_component_ref idref="oc-38"/>
            <object_component_ref idref="oc-89"/>
            <object_component_ref idref="oc-46"/>
            <object_component_ref idref="oc-98"/>
            <object_component_ref idref="oc-e3"/>
            <object_component_ref idref="oc-d7"/>
            <object_component_ref idref="oc-dc"/>
            <object_component_ref idref="oc-103"/>
         </contents>
      </logical_group>
      <logical_group id="lg-126" display="never" color="cyan">
         <name>.debug_aranges</name>
         <load_address>0x0</load_address>
         <run_address>0x0</run_address>
         <size>0x298</size>
         <contents>
            <object_component_ref idref="oc-7d"/>
            <object_component_ref idref="oc-79"/>
            <object_component_ref idref="oc-bc"/>
            <object_component_ref idref="oc-26"/>
            <object_component_ref idref="oc-13"/>
            <object_component_ref idref="oc-3b"/>
            <object_component_ref idref="oc-19"/>
            <object_component_ref idref="oc-6e"/>
            <object_component_ref idref="oc-30"/>
            <object_component_ref idref="oc-48"/>
            <object_component_ref idref="oc-54"/>
            <object_component_ref idref="oc-5b"/>
            <object_component_ref idref="oc-e7"/>
            <object_component_ref idref="oc-67"/>
            <object_component_ref idref="oc-62"/>
            <object_component_ref idref="oc-a2"/>
            <object_component_ref idref="oc-a7"/>
         </contents>
      </logical_group>
      <logical_group id="lg-128" display="never" color="cyan">
         <name>.debug_pubnames</name>
         <load_address>0x0</load_address>
         <run_address>0x0</run_address>
         <size>0x442</size>
         <contents>
            <object_component_ref idref="oc-7e"/>
            <object_component_ref idref="oc-2c"/>
            <object_component_ref idref="oc-7a"/>
            <object_component_ref idref="oc-f4"/>
            <object_component_ref idref="oc-bd"/>
            <object_component_ref idref="oc-27"/>
            <object_component_ref idref="oc-15"/>
            <object_component_ref idref="oc-3d"/>
            <object_component_ref idref="oc-1c"/>
            <object_component_ref idref="oc-b0"/>
            <object_component_ref idref="oc-6d"/>
            <object_component_ref idref="oc-31"/>
            <object_component_ref idref="oc-4a"/>
            <object_component_ref idref="oc-58"/>
            <object_component_ref idref="oc-5c"/>
            <object_component_ref idref="oc-73"/>
            <object_component_ref idref="oc-b3"/>
            <object_component_ref idref="oc-ea"/>
            <object_component_ref idref="oc-68"/>
            <object_component_ref idref="oc-63"/>
            <object_component_ref idref="oc-a1"/>
            <object_component_ref idref="oc-a6"/>
         </contents>
      </logical_group>
      <logical_group id="lg-12a" display="never" color="cyan">
         <name>.debug_pubtypes</name>
         <load_address>0x0</load_address>
         <run_address>0x0</run_address>
         <size>0x80f</size>
         <contents>
            <object_component_ref idref="oc-f9"/>
            <object_component_ref idref="oc-c3"/>
            <object_component_ref idref="oc-8d"/>
            <object_component_ref idref="oc-c8"/>
            <object_component_ref idref="oc-35"/>
            <object_component_ref idref="oc-86"/>
            <object_component_ref idref="oc-43"/>
            <object_component_ref idref="oc-95"/>
            <object_component_ref idref="oc-b6"/>
            <object_component_ref idref="oc-ef"/>
            <object_component_ref idref="oc-e0"/>
            <object_component_ref idref="oc-d4"/>
            <object_component_ref idref="oc-d9"/>
            <object_component_ref idref="oc-100"/>
         </contents>
      </logical_group>
      <load_segment id="lg-133" display="no" color="cyan">
         <name>SEGMENT_0</name>
         <load_address>0x0</load_address>
         <run_address>0x0</run_address>
         <size>0x99c</size>
         <flags>0x5</flags>
         <contents>
            <logical_group_ref idref="lg-3"/>
            <logical_group_ref idref="lg-4"/>
            <logical_group_ref idref="lg-6"/>
         </contents>
      </load_segment>
      <load_segment id="lg-134" display="no" color="cyan">
         <name>SEGMENT_1</name>
         <run_address>0x20000000</run_address>
         <size>0x1c</size>
         <flags>0x6</flags>
         <contents>
            <logical_group_ref idref="lg-c"/>
         </contents>
      </load_segment>
      <load_segment id="lg-135" display="no" color="cyan">
         <name>SEGMENT_2</name>
         <run_address>0x2000fe00</run_address>
         <size>0x200</size>
         <flags>0x6</flags>
         <contents>
            <logical_group_ref idref="lg-f"/>
         </contents>
      </load_segment>
   </logical_group_list>
   <placement_map>
      <memory_area display="yes" color="green">
         <name>MAIN</name>
         <page_id>0x0</page_id>
         <origin>0x0</origin>
         <length>0x40000</length>
         <used_space>0x99a</used_space>
         <unused_space>0x3f666</unused_space>
         <attributes>RX</attributes>
         <usage_details>
            <allocated_space>
               <start_address>0x0</start_address>
               <size>0x0</size>
               <logical_group_ref idref="lg-9"/>
            </allocated_space>
            <allocated_space>
               <start_address>0x0</start_address>
               <size>0x140</size>
               <logical_group_ref idref="lg-3"/>
            </allocated_space>
            <allocated_space>
               <start_address>0x140</start_address>
               <size>0x82e</size>
               <logical_group_ref idref="lg-4"/>
            </allocated_space>
            <available_space>
               <start_address>0x96e</start_address>
               <size>0x2</size>
            </available_space>
            <allocated_space>
               <start_address>0x970</start_address>
               <size>0x2c</size>
               <logical_group_ref idref="lg-6"/>
            </allocated_space>
            <available_space>
               <start_address>0x99c</start_address>
               <size>0x3f664</size>
            </available_space>
         </usage_details>
      </memory_area>
      <memory_area display="yes" color="green">
         <name>INFO</name>
         <page_id>0x0</page_id>
         <origin>0x200000</origin>
         <length>0x4000</length>
         <used_space>0x0</used_space>
         <unused_space>0x4000</unused_space>
         <attributes>RX</attributes>
         <usage_details>
         </usage_details>
      </memory_area>
      <memory_area display="yes" color="green">
         <name>SRAM_CODE</name>
         <page_id>0x0</page_id>
         <origin>0x1000000</origin>
         <length>0x10000</length>
         <used_space>0x21c</used_space>
         <unused_space>0xfde4</unused_space>
         <attributes>RWX</attributes>
         <usage_details>
            <allocated_space>
               <start_address>0x1000000</start_address>
               <size>0x1c</size>
               <logical_group_ref idref="lg-c"/>
            </allocated_space>
            <available_space>
               <start_address>0x100001c</start_address>
               <size>0xfde4</size>
            </available_space>
            <allocated_space>
               <start_address>0x100fe00</start_address>
               <size>0x200</size>
               <logical_group_ref idref="lg-f"/>
            </allocated_space>
         </usage_details>
      </memory_area>
      <memory_area display="yes" color="green">
         <name>SRAM_DATA</name>
         <page_id>0x0</page_id>
         <origin>0x20000000</origin>
         <length>0x10000</length>
         <used_space>0x21c</used_space>
         <unused_space>0xfde4</unused_space>
         <attributes>RW</attributes>
         <usage_details>
            <allocated_space>
               <start_address>0x20000000</start_address>
               <size>0x1c</size>
               <logical_group_ref idref="lg-c"/>
            </allocated_space>
            <available_space>
               <start_address>0x2000001c</start_address>
               <size>0xfde4</size>
            </available_space>
            <allocated_space>
               <start_address>0x2000fe00</start_address>
               <size>0x200</size>
               <logical_group_ref idref="lg-f"/>
            </allocated_space>
         </usage_details>
      </memory_area>
   </placement_map>
   <cptbl_list>
      <cptbl>
         <name>__TI_cinit_table</name>
         <cprec>
            <name>.data</name>
            <load_address>0x970</load_address>
            <load_size>0x1a</load_size>
            <run_address>0x20000000</run_address>
            <run_size>0x1c</run_size>
            <compression>rle</compression>
         </cprec>
      </cptbl>
   </cptbl_list>
   <handler_table>
      <handler_table_name>__TI_handler_table</handler_table_name>
      <handler>
         <index>0x0</index>
         <name>__TI_decompress_rle24</name>
      </handler>
      <handler>
         <index>0x1</index>
         <name>__TI_decompress_none</name>
      </handler>
   </handler_table>
   <symbol_table>
      <symbol id="sm-1">
         <name>WDTCTL_SYM</name>
         <value>0x4000480c</value>
      </symbol>
      <symbol id="sm-2">
         <name>__TI_CINIT_Base</name>
         <value>0x994</value>
      </symbol>
      <symbol id="sm-3">
         <name>__TI_CINIT_Limit</name>
         <value>0x99c</value>
      </symbol>
      <symbol id="sm-4">
         <name>__TI_Handler_Table_Base</name>
         <value>0x98c</value>
      </symbol>
      <symbol id="sm-5">
         <name>__TI_Handler_Table_Limit</name>
         <value>0x994</value>
      </symbol>
      <symbol id="sm-6">
         <name>binit</name>
         <value>0xffffffff</value>
      </symbol>
      <symbol id="sm-7">
         <name>__binit__</name>
         <value>0xffffffff</value>
      </symbol>
      <symbol id="sm-8">
         <name>__STACK_SIZE</name>
         <value>0x200</value>
      </symbol>
      <symbol id="sm-9">
         <name>__STACK_END</name>
         <value>0x20010000</value>
      </symbol>
      <symbol id="sm-a">
         <name>__c_args__</name>
         <value>0xffffffff</value>
      </symbol>
      <symbol id="sm-b">
         <name>__TI_pprof_out_hndl</name>
         <value>0xffffffff</value>
      </symbol>
      <symbol id="sm-c">
         <name>__TI_prof_data_start</name>
         <value>0xffffffff</value>
      </symbol>
      <symbol id="sm-d">
         <name>__TI_prof_data_size</name>
         <value>0xffffffff</value>
      </symbol>
      <symbol id="sm-69">
         <name>PORT1_IRQHandler</name>
         <value>0x575</value>
         <object_component_ref idref="oc-7b"/>
      </symbol>
      <symbol id="sm-6a">
         <name>main</name>
         <value>0x4d7</value>
         <object_component_ref idref="oc-7b"/>
      </symbol>
      <symbol id="sm-87">
         <name>interruptVectors</name>
         <value>0x0</value>
         <object_component_ref idref="oc-2a"/>
      </symbol>
      <symbol id="sm-ce">
         <name>SystemInit</name>
         <value>0x3b5</value>
         <object_component_ref idref="oc-b9"/>
      </symbol>
      <symbol id="sm-cf">
         <name>SystemCoreClockUpdate</name>
         <value>0x141</value>
         <object_component_ref idref="oc-b9"/>
      </symbol>
      <symbol id="sm-d0">
         <name>SystemCoreClock</name>
         <value>0x20000018</value>
         <object_component_ref idref="oc-f2"/>
      </symbol>
      <symbol id="sm-e1">
         <name>_c_int00</name>
         <value>0x825</value>
         <object_component_ref idref="oc-24"/>
      </symbol>
      <symbol id="sm-e2">
         <name>__stack</name>
         <value>0x2000fe00</value>
         <object_component_ref idref="oc-2d"/>
      </symbol>
      <symbol id="sm-f9">
         <name>__TI_decompress_none</name>
         <value>0x957</value>
         <object_component_ref idref="oc-12"/>
      </symbol>
      <symbol id="sm-121">
         <name>__TI_decompress_rle24</name>
         <value>0x965</value>
         <object_component_ref idref="oc-18"/>
      </symbol>
      <symbol id="sm-143">
         <name>C$$EXIT</name>
         <value>0x879</value>
         <object_component_ref idref="oc-6b"/>
      </symbol>
      <symbol id="sm-144">
         <name>abort</name>
         <value>0x87d</value>
         <object_component_ref idref="oc-6b"/>
      </symbol>
      <symbol id="sm-145">
         <name>exit</name>
         <value>0x885</value>
         <object_component_ref idref="oc-6b"/>
      </symbol>
      <symbol id="sm-146">
         <name>__TI_dtors_ptr</name>
         <value>0x20000004</value>
         <object_component_ref idref="oc-ae"/>
      </symbol>
      <symbol id="sm-147">
         <name>__TI_cleanup_ptr</name>
         <value>0x20000000</value>
         <object_component_ref idref="oc-ae"/>
      </symbol>
      <symbol id="sm-148">
         <name>__TI_enable_exit_profile_output</name>
         <value>0x20000008</value>
         <object_component_ref idref="oc-ae"/>
      </symbol>
      <symbol id="sm-163">
         <name>memcpy</name>
         <value>0x631</value>
         <object_component_ref idref="oc-2e"/>
      </symbol>
      <symbol id="sm-164">
         <name>__aeabi_memcpy</name>
         <value>0x631</value>
         <object_component_ref idref="oc-2e"/>
      </symbol>
      <symbol id="sm-165">
         <name>__aeabi_memcpy8</name>
         <value>0x631</value>
         <object_component_ref idref="oc-2e"/>
      </symbol>
      <symbol id="sm-166">
         <name>__aeabi_memcpy4</name>
         <value>0x631</value>
         <object_component_ref idref="oc-2e"/>
      </symbol>
      <symbol id="sm-175">
         <name>__aeabi_memset</name>
         <value>0x6cf</value>
         <object_component_ref idref="oc-47"/>
      </symbol>
      <symbol id="sm-176">
         <name>memset</name>
         <value>0x6d5</value>
         <object_component_ref idref="oc-47"/>
      </symbol>
      <symbol id="sm-177">
         <name>__aeabi_memset8</name>
         <value>0x6cf</value>
         <object_component_ref idref="oc-47"/>
      </symbol>
      <symbol id="sm-178">
         <name>__aeabi_memset4</name>
         <value>0x6cf</value>
         <object_component_ref idref="oc-47"/>
      </symbol>
      <symbol id="sm-179">
         <name>__aeabi_memclr8</name>
         <value>0x6cd</value>
         <object_component_ref idref="oc-47"/>
      </symbol>
      <symbol id="sm-17a">
         <name>__aeabi_memclr4</name>
         <value>0x6cd</value>
         <object_component_ref idref="oc-47"/>
      </symbol>
      <symbol id="sm-17b">
         <name>__aeabi_memclr</name>
         <value>0x6cd</value>
         <object_component_ref idref="oc-47"/>
      </symbol>
      <symbol id="sm-185">
         <name>__mpu_init</name>
         <value>0x747</value>
         <object_component_ref idref="oc-53"/>
      </symbol>
      <symbol id="sm-18f">
         <name>_system_pre_init</name>
         <value>0x96b</value>
         <object_component_ref idref="oc-59"/>
      </symbol>
      <symbol id="sm-197">
         <name>main_func_sp</name>
         <value>0x20000014</value>
         <object_component_ref idref="oc-71"/>
      </symbol>
      <symbol id="sm-1b0">
         <name>_nop</name>
         <value>0x93f</value>
         <object_component_ref idref="oc-e6"/>
      </symbol>
      <symbol id="sm-1b1">
         <name>_lock</name>
         <value>0x2000000c</value>
         <object_component_ref idref="oc-b1"/>
      </symbol>
      <symbol id="sm-1b2">
         <name>_unlock</name>
         <value>0x20000010</value>
         <object_component_ref idref="oc-b1"/>
      </symbol>
      <symbol id="sm-1b3">
         <name>_register_lock</name>
         <value>0x937</value>
         <object_component_ref idref="oc-e6"/>
      </symbol>
      <symbol id="sm-1b4">
         <name>_register_unlock</name>
         <value>0x931</value>
         <object_component_ref idref="oc-e6"/>
      </symbol>
      <symbol id="sm-1c8">
         <name>_args_main</name>
         <value>0x919</value>
         <object_component_ref idref="oc-65"/>
      </symbol>
      <symbol id="sm-1ed">
         <name>__TI_auto_init</name>
         <value>0x749</value>
         <object_component_ref idref="oc-5f"/>
      </symbol>
      <symbol id="sm-207">
         <name>copy_in</name>
         <value>0x8cd</value>
         <object_component_ref idref="oc-9e"/>
      </symbol>
      <symbol id="sm-211">
         <name>_system_post_cinit</name>
         <value>0x823</value>
         <object_component_ref idref="oc-a4"/>
      </symbol>
      <symbol id="sm-212">
         <name>__TI_static_base__</name>
         <value>0x0</value>
      </symbol>
      <symbol id="sm-215">
         <name>SHT$$INIT_ARRAY$$Limit</name>
         <value>0x0</value>
      </symbol>
      <symbol id="sm-216">
         <name>SHT$$INIT_ARRAY$$Base</name>
         <value>0x0</value>
      </symbol>
   </symbol_table>
   <title>Link successful</title>
</link_info>
